,population,area,density
New York,19651127,141297,139.07674614464568
Florida,19552860,170312,114.80612053173
Illinois,12882135,128821,100.00027169483236
